{
  "model": "efficientnet",
  "test_accuracy": 0.589394,
  "test_precision": 0.593076,
  "test_recall": 0.589394,
  "test_f1": 0.583345,
  "val_accuracy": 0.592424,
  "inference_ms": 9.8171,
  "model_size_mb": 16.4451,
  "epochs_trained": 25,
  "fast_mode": false,
  "phase1_best_val_acc": 0.5848,
  "phase2_best_val_acc": 0.5924,
  "phase2_gain_pp": 0.76,
  "phase2_root_cause": "backbone lr=1e-5 too conservative; epoch-1 val dropped 3.78pp before recovering",
  "training_history": {
    "train_loss": [2.285634,1.550266,1.387338,1.2948,1.23157,1.191204,1.142001,1.139235,1.121769,1.122278,1.705344,1.684754,1.674078,1.638955,1.630114,1.605736,1.577331,1.577111,1.558231,1.572157,1.549828,1.534818,1.551107,1.538863,1.559369],
    "train_acc": [0.397461,0.573242,0.604818,0.623698,0.630859,0.640625,0.665039,0.657552,0.657552,0.661133,0.606771,0.614583,0.620768,0.632812,0.634115,0.642253,0.644531,0.652344,0.656576,0.651367,0.653971,0.659505,0.655599,0.66569,0.655273],
    "val_loss": [1.706953,1.489303,1.423337,1.403697,1.391231,1.382011,1.379214,1.377819,1.377493,1.376998,1.849102,1.831465,1.804977,1.778381,1.769286,1.756194,1.750153,1.744716,1.73848,1.733244,1.732485,1.728795,1.725799,1.725624,1.727513],
    "val_acc": [0.562121,0.562121,0.577273,0.574242,0.584848,0.584848,0.583333,0.584848,0.581818,0.584848,0.54697,0.559091,0.565152,0.566667,0.569697,0.586364,0.575758,0.577273,0.583333,0.581818,0.581818,0.592424,0.589394,0.589394,0.583333],
    "val_f1": [0.543601,0.550312,0.569356,0.562732,0.579468,0.578664,0.577681,0.577439,0.574148,0.577214,0.536532,0.550928,0.557074,0.559604,0.560505,0.57998,0.566473,0.568958,0.577289,0.575589,0.575518,0.585865,0.583235,0.583506,0.576533]
  }
}
