{
  "model": "resnet50",
  "test_accuracy": 0.654545,
  "test_precision": 0.665916,
  "test_recall": 0.654545,
  "test_f1": 0.654804,
  "val_accuracy": 0.636364,
  "inference_ms": 6.0332,
  "model_size_mb": 94.5326,
  "epochs_trained": 25,
  "fast_mode": false,
  "phase1_best_val_acc": 0.6227,
  "phase2_best_val_acc": 0.6364,
  "phase2_gain_pp": 1.37,
  "phase2_root_cause": "data volume bottleneck — 1464 params/img causes overfitting; train hit 82% while val plateaued at 63-64%",
  "training_history": {
    "train_loss": [2.363558,1.795437,1.648527,1.552749,1.534714,1.534264,1.631797,1.582755,1.523234,1.451353,1.416579,1.357285,1.325913,1.299025,1.263841,1.239865,1.222525,1.196087,1.181938,1.169096,1.158305,1.170456,1.152595,1.147398,1.145672],
    "train_acc": [0.399089,0.590495,0.621745,0.664388,0.677734,0.669596,0.662109,0.661133,0.669922,0.700846,0.714518,0.726237,0.740885,0.755859,0.777995,0.774089,0.78125,0.792318,0.808594,0.809245,0.817383,0.811849,0.819661,0.826823,0.821615],
    "val_loss": [1.892454,1.71161,1.66046,1.648762,1.645137,1.641986,1.7533,1.666519,1.634921,1.61204,1.605936,1.594118,1.609582,1.605213,1.603984,1.608118,1.601781,1.605037,1.605027,1.612129,1.619828,1.613609,1.612911,1.613337,1.613676],
    "val_acc": [0.580303,0.610606,0.615152,0.615152,0.619697,0.622727,0.604545,0.628788,0.628788,0.634848,0.628788,0.634848,0.628788,0.619697,0.624242,0.634848,0.621212,0.636364,0.625758,0.622727,0.622727,0.618182,0.619697,0.624242,0.627273],
    "val_f1": [0.57377,0.604552,0.608632,0.60874,0.613308,0.616217,0.597312,0.621529,0.622356,0.632661,0.626675,0.633246,0.625263,0.618643,0.623197,0.632477,0.620745,0.63571,0.624438,0.622695,0.621973,0.617344,0.619105,0.62379,0.626329]
  }
}
